<?xml version="1.0" encoding="UTF-8"?>
<model package="voteforms" baseClass="xPDOObject" platform="mysql" defaultEngine="MyISAM" phpdoc-package="voteforms"
       version="1.1">

    <object class="VoteForm" table="voteforms" extends="xPDOSimpleObject">
        <field key="name" dbtype="varchar" precision="100" phptype="string" null="false" default=""/>
        <field key="description" dbtype="text" phptype="text" null="true" default=""/>
        <field key="active" dbtype="tinyint" precision="1" phptype="boolean" null="true" default="1"/>
        <field key="rating_max" dbtype="int" precision="10" attributes="unsigned" phptype="integer" null="false" default="5"/>

        <composite alias="Fields" class="VoteFormField" local="id" foreign="form" cardinality="many" owner="local"/>
        <composite alias="Threads" class="VoteFormThread" local="id" foreign="form" cardinality="many" owner="local"/>
        <composite alias="Records" class="VoteFormRecord" local="id" foreign="form" cardinality="many" owner="local"/>
    </object>

    <object class="VoteFormField" table="voteforms_fields" extends="xPDOSimpleObject">
        <field key="index" dbtype="int" precision="10" attributes="unsigned" phptype="integer" null="false" default="0"/>
        <field key="form" dbtype="int" precision="10" phptype="integer" attributes="unsigned" null="false" default="0"/>
        <field key="name" dbtype="varchar" precision="100" phptype="string" null="false" default=""/>
        <field key="description" dbtype="text" phptype="text" null="true" default=""/>
        <field key="type" dbtype="varchar" precision="100" phptype="string" null="false" default="integer"/>

        <composite alias="Records" class="VoteFormRecord" local="id" foreign="field" cardinality="many" owner="local"/>
        <aggregate alias="Form" class="VoteForm" local="form" foreign="id" cardinality="one" owner="foreign"/>
    </object>

    <object class="VoteFormThread" table="voteforms_threads" extends="xPDOSimpleObject">
        <field key="resource" dbtype="int" precision="10" phptype="integer" attributes="unsigned" null="false" default="0"/>
        <field key="form" dbtype="int" precision="10" phptype="integer" attributes="unsigned" null="false" default="0"/>
        <field key="name" dbtype="varchar" precision="255" phptype="string" null="false" default=""/>
        <field key="rating" dbtype="float"  phptype="float" attributes="unsigned" null="false" default="0"/>
        <field key="users_count" dbtype="int" precision="10" phptype="integer" attributes="unsigned" null="false" default="0"/>

        <composite alias="Records" class="VoteFormRecord" local="id" foreign="thread" cardinality="many" owner="local"/>
        <aggregate alias="Form" class="VoteForm" local="form" foreign="id" cardinality="one" owner="foreign"/>
    </object>

    <object class="VoteFormRecord" table="voteforms_records" extends="xPDOObject">
        <field key="form" dbtype="int" precision="10" phptype="integer" attributes="unsigned" null="false" default="0" index="pk"/>
        <field key="field" dbtype="int" precision="10" phptype="integer" attributes="unsigned" null="false" default="0" index="pk"/>
        <field key="thread" dbtype="int" precision="10" phptype="integer" attributes="unsigned" null="false" default="0" index="pk"/>
        <field key="createdby" dbtype="int" precision="10" phptype="integer" attributes="unsigned" null="false" default="0" index="pk"/>
        <field key="integer" dbtype="int" precision="10" phptype="integer" attributes="unsigned" null="false" default="0"/>

        <index alias="unique_key" name="unique_key" primary="true" unique="true" type="BTREE">
            <column key="form" length="" collation="A" null="false"/>
            <column key="field" length="" collation="A" null="false"/>
            <column key="thread" length="" collation="A" null="false"/>
            <column key="createdby" length="" collation="A" null="false"/>
        </index>

        <aggregate alias="Form" class="VoteForm" local="form" foreign="id" cardinality="one" owner="foreign"/>
        <aggregate alias="Field" class="VoteFormField" local="field" foreign="id" cardinality="one" owner="foreign"/>
        <aggregate alias="Thread" class="VoteFormThread" local="thread" foreign="id" cardinality="one" owner="foreign"/>
    </object>

</model>